idx	x0_norm	x1_norm	x0_plot	x1_plot	f_party0	f_party1	consensus_min
0	0.2785697433	0.6935900472	-1.5500117972	1.3551303306	88.7962198386	90.4546860066	88.7962198386
1	0.7859048580	0.1829479990	2.0013340061	-2.2193640068	90.5513939551	89.7960536166	89.7960536166
