idx	x0_norm	x1_norm	x0_plot	x1_plot	f_party0	f_party1	consensus_min
0	0.2785697433	0.6935900472	-1.5500117972	1.3551303306	90.0000000000	90.0000000000	90.0000000000
1	0.8935823782	0.3366904937	2.7550766472	-1.1431665440	90.0000000000	90.0000000000	90.0000000000
