idx	x0_norm	x1_norm	x0_plot	x1_plot	p1_obj	p2_obj	rank
0	0.8564901731	0.5460094152	2.4954312117	0.3220659066	90.0000000000	90.0000000000	0
1	0.1538572901	0.3710854595	-2.4229989694	-0.9024017835	90.0000000000	90.0000000000	0
