idx	x0_norm	x1_norm	x0_plot	x1_plot	f_party0	f_party1	consensus_min
0	0.8506389483	0.5840984659	2.4544726381	0.5886892614	90.0000000000	90.0000000000	90.0000000000
1	0.1173926043	0.3641996631	-2.6782517700	-0.9506023586	90.0000000000	90.0000000000	90.0000000000
