idx	x0_norm	x1_norm	x0_plot	x1_plot	p1_obj	p2_obj	rank
0	0.7818198213	0.5927495788	1.9727387490	0.6492470515	90.0000000000	90.0000000000	0
