idx	x0_norm	x1_norm	x0_plot	x1_plot	p1_obj	p2_obj	rank
0	0.7118909770	0.1456723500	1.4832368388	-2.4802935497	90.3318757722	88.4785494117	0
1	0.1371922849	0.0836613023	-2.5396540058	-2.9143708839	88.2497608006	88.7699105533	0
