idx	x0_norm	x1_norm	x0_plot	x1_plot	p1_obj	p2_obj	rank
0	0.7118909770	0.1456723500	1.4832368388	-2.4802935497	90.0000000000	90.0000000000	0
1	0.3295268033	0.0886615322	-1.1933123767	-2.8793692745	90.0000000000	90.0000000000	0
