idx	x0_norm	x1_norm	x0_plot	x1_plot	f_party0	f_party1	consensus_min
0	0.0527204187	0.7916868507	-3.1309570694	2.0418079548	90.0000000000	90.0000000000	90.0000000000
1	0.1076069904	0.2619627223	-2.7467510673	-1.6662609436	90.0000000000	90.0000000000	90.0000000000
