idx	x0_norm	x1_norm	x0_plot	x1_plot	p1_obj	p2_obj	rank
0	0.5931413251	0.6559105569	0.6519892754	1.0913738983	90.0000000000	90.0000000000	0
1	0.2887722616	0.7290228562	-1.4785941689	1.6031599937	90.0000000000	90.0000000000	0
