idx	x0_norm	x1_norm	x0_plot	x1_plot	f_party0	f_party1	consensus_min
0	0.7721328143	0.3976897821	1.9049297000	-0.7161715256	90.0000000000	90.0000000000	90.0000000000
1	0.2351625567	0.6090201472	-1.8538621031	0.7631410306	90.0000000000	90.0000000000	90.0000000000
2	0.6140620880	0.9312701768	0.7984346159	3.0188912378	90.0000000000	90.0000000000	90.0000000000
3	0.3539112477	0.1255924218	-1.0226212664	-2.6208530472	90.0000000000	90.0000000000	90.0000000000
4	0.9188555725	0.0200879344	2.9319890072	-3.3593844595	90.0000000000	90.0000000000	90.0000000000
5	0.0461654171	0.7613154410	-3.1768420803	1.8292080868	90.0000000000	90.0000000000	90.0000000000
6	0.3038041059	0.9243012846	-1.3733712588	2.9701089922	90.0000000000	90.0000000000	90.0000000000
7	0.0098484268	0.1563009694	-3.4310610121	-2.4058932145	90.0000000000	90.0000000000	90.0000000000
