idx	x0_norm	x1_norm	x0_plot	x1_plot	f_party0	f_party1	consensus_min
0	0.7721328143	0.3976897821	1.9049297000	-0.7161715256	90.0000000000	90.0000000000	90.0000000000
1	0.2385969430	0.4457715384	-1.8298213992	-0.3795992309	90.0000000000	90.0000000000	90.0000000000
2	0.6629509024	0.9478667606	1.1406563171	3.1350673243	90.0000000000	90.0000000000	90.0000000000
3	0.2963007820	0.1242205435	-1.4258945260	-2.6304561956	90.0000000000	90.0000000000	90.0000000000
4	0.8787142941	0.0184933100	2.6510000588	-3.3705468298	90.0000000000	90.0000000000	90.0000000000
5	0.0925780104	0.7333269402	-2.8519539275	1.6332885817	90.0000000000	90.0000000000	90.0000000000
6	0.3526232567	0.9464972486	-1.0316372029	3.1254807403	90.0000000000	90.0000000000	90.0000000000
7	0.0244720120	0.1649937513	-3.3286959163	-2.3450437406	90.0000000000	90.0000000000	90.0000000000
