idx	x0_norm	x1_norm	x0_plot	x1_plot	f_party0	f_party1	consensus_min
0	0.9499063125	0.1199350136	3.1493441873	-2.6604549049	90.0000000000	90.0000000000	90.0000000000
1	0.1207194915	0.7243625416	-2.6549635598	1.5705377914	90.0000000000	90.0000000000	90.0000000000
2	0.5112227545	0.5555265608	0.0785592812	0.3886859253	90.0000000000	90.0000000000	90.0000000000
3	0.3186214894	0.1476257080	-1.2696495741	-2.4666200440	90.0000000000	90.0000000000	90.0000000000
4	0.0543750065	0.1801826141	-3.1193749546	-2.2387217013	90.0000000000	90.0000000000	90.0000000000
5	0.8956730407	0.9324377046	2.7697112851	3.0270639321	90.0000000000	90.0000000000	90.0000000000
