idx	x0_norm	x1_norm	x0_plot	x1_plot	f_party0	f_party1	consensus_min
0	0.9499063125	0.1199350136	3.1493441873	-2.6604549049	90.0000000000	90.0000000000	90.0000000000
1	0.0586651333	0.9127840890	-3.0893440666	2.8894886231	90.0000000000	90.0000000000	90.0000000000
2	0.5112227545	0.5555265608	0.0785592812	0.3886859253	90.0000000000	90.0000000000	90.0000000000
3	0.2822102645	0.0683202088	-1.5245281482	-3.0217585386	90.0000000000	90.0000000000	90.0000000000
4	0.0392438653	0.2097408337	-3.2252929432	-2.0318141639	90.0000000000	90.0000000000	90.0000000000
5	0.8956730407	0.9324377046	2.7697112851	3.0270639321	90.0000000000	90.0000000000	90.0000000000
