idx	x0_norm	x1_norm	x0_plot	x1_plot	f_party0	f_party1	consensus_min
0	0.1524721914	0.8189588373	-2.4326946602	2.2327118611	90.0000000000	90.0000000000	90.0000000000
1	0.8172278856	0.2580117082	2.2205951995	-1.6939180427	90.0000000000	90.0000000000	90.0000000000
