idx	x0_norm	x1_norm	x0_plot	x1_plot	f_party0	f_party1	consensus_min
0	0.4147054505	0.8875157228	-0.5970618462	2.7126100594	90.0000000000	90.0000000000	90.0000000000
1	0.4286256384	0.2601625512	-0.4996205312	-1.6788621417	90.0000000000	90.0000000000	90.0000000000
