idx	x0_norm	x1_norm	x0_plot	x1_plot	f_party0	f_party1	consensus_min
0	0.1657526961	0.8220408642	-2.3397311270	2.2542860492	90.0000000000	90.0000000000	90.0000000000
1	0.6500535330	0.5943339721	1.0503747312	0.6603378044	90.0000000000	90.0000000000	90.0000000000
