idx	x0_norm	x1_norm	x0_plot	x1_plot	f_party0	f_party1	consensus_min
0	0.1275523807	0.8880945393	-2.6071333349	2.7166617753	90.0000000000	90.0000000000	90.0000000000
