idx	x0_norm	x1_norm	x0_plot	x1_plot	f_party0	f_party1	consensus_min
0	0.8575237878	0.8987949192	2.5026665145	2.7915644346	90.0000000000	90.0000000000	90.0000000000
