idx	x0_norm	x1_norm	x0_plot	x1_plot	f_party0	f_party1	consensus_min
0	0.8169267489	0.3691169527	2.2184872423	-0.9161813311	90.0000000000	90.0000000000	90.0000000000
