idx	x0_norm	x1_norm	x0_plot	x1_plot	p1_obj	p2_obj	rank
0	0.6707507335	0.2883121101	1.1952551347	-1.4818152295	90.0000000000	90.0000000000	0
1	0.2672616205	0.3527211537	-1.6291686564	-1.0309519242	90.0000000000	90.0000000000	0
