idx	x0_norm	x1_norm	x0_plot	x1_plot	p1_obj	p2_obj	rank
0	0.7034331946	0.8260557584	1.4240323623	2.2823903086	90.0000000000	90.0000000000	0
