idx	x0_norm	x1_norm	x0_plot	x1_plot	f_party0	f_party1	consensus_min
0	0.8490049873	0.1138127255	2.4430349114	-2.7033109213	90.0000000000	90.0000000000	90.0000000000
1	0.5512367960	0.7140141019	0.3586575719	1.4980987133	90.0000000000	90.0000000000	90.0000000000
