idx	x0_norm	x1_norm	x0_plot	x1_plot	f_party0	f_party1	consensus_min
0	0.1286894087	0.4495129939	-2.5991741393	-0.3534090425	90.0000000000	90.0000000000	90.0000000000
1	0.7691326265	0.1644473352	1.8839283858	-2.3488686537	90.0000000000	90.0000000000	90.0000000000
