idx	x0_norm	x1_norm	x0_plot	x1_plot	p1_obj	p2_obj	rank
0	0.7210765623	0.3903615576	1.5475359364	-0.7674690967	90.0000000000	90.0000000000	0
1	0.1015925273	0.3536998121	-2.7888523086	-1.0241013153	90.0000000000	90.0000000000	0
