idx	x0_norm	x1_norm	x0_plot	x1_plot	p1_obj	p2_obj	rank
0	0.7970003708	0.6108385465	2.0790025958	0.7758698258	90.0000000000	90.0000000000	0
1	0.1392934740	0.6831058672	-2.5249456821	1.2817410703	90.0000000000	90.0000000000	0
