idx	x0_norm	x1_norm	x0_plot	x1_plot	f_party0	f_party1	consensus_min
0	0.9057884039	0.2523354389	2.8405188276	-1.7336519274	90.0000000000	90.0000000000	90.0000000000
1	0.1570872905	0.2080577998	-2.4003889662	-2.0435954016	90.0000000000	90.0000000000	90.0000000000
